"first_seen_utc","ioc_id","ioc_value","ioc_type","threat_type","fk_malware","malware_alias","malware_printable","last_seen_utc","confidence_level","reference","tags","anonymous","reporter"
"2025-12-22 04:17:38","""1684606""","""qefrik.l2ckey5mina.ru""","""domain""","""payload_delivery""","""js.clearfake""","""None""","""ClearFake""","""""","""100""","""None""","""ClearFake""","""0""","""threatcat_ch"""
"2025-12-22 04:07:40","""1684605""","""tinsaq.ha1fmakin8.ru""","""domain""","""payload_delivery""","""js.clearfake""","""None""","""ClearFake""","""""","""100""","""None""","""ClearFake""","""0""","""threatcat_ch"""
"2025-12-22 04:04:40","""1684604""","""golpev.ha1fmakin8.ru""","""domain""","""payload_delivery""","""js.clearfake""","""None""","""ClearFake""","""""","""100""","""None""","""ClearFake""","""0""","""threatcat_ch"""
"2025-12-22 03:57:29","""1684589""","""myrjug.ha1fmakin8.ru""","""domain""","""payload_delivery""","""js.clearfake""","""None""","""ClearFake""","""""","""100""","""None""","""ClearFake""","""0""","""threatcat_ch"""
"2025-12-22 03:47:27","""1684588""","""xutwel.ha1fmakin8.ru""","""domain""","""payload_delivery""","""js.clearfake""","""None""","""ClearFake""","""""","""100""","""None""","""ClearFake""","""0""","""threatcat_ch"""
"2025-12-22 03:38:29","""1684587""","""bafqem.ha1fmakin8.ru""","""domain""","""payload_delivery""","""js.clearfake""","""None""","""ClearFake""","""""","""100""","""None""","""ClearFake""","""0""","""threatcat_ch"""
"2025-12-22 03:28:11","""1684586""","""pusdeg.ext1nctlog8ia.ru""","""domain""","""payload_delivery""","""js.clearfake""","""None""","""ClearFake""","""""","""100""","""None""","""ClearFake""","""0""","""threatcat_ch"""
"2025-12-22 03:18:08","""1684585""","""jirywu.ext1nctlog8ia.ru""","""domain""","""payload_delivery""","""js.clearfake""","""None""","""ClearFake""","""""","""100""","""None""","""ClearFake""","""0""","""threatcat_ch"""
"2025-12-22 03:08:05","""1684583""","""mnabeg.ext1nctlog8ia.ru""","""domain""","""payload_delivery""","""js.clearfake""","""None""","""ClearFake""","""""","""100""","""None""","""ClearFake""","""0""","""threatcat_ch"""
"2025-12-22 02:57:28","""1684582""","""tilxur.ext1nctlog8ia.ru""","""domain""","""payload_delivery""","""js.clearfake""","""None""","""ClearFake""","""""","""100""","""None""","""ClearFake""","""0""","""threatcat_ch"""
"2025-12-22 02:47:41","""1684579""","""45.156.87.153.nip.io""","""domain""","""botnet_cc""","""win.cobalt_strike""","""Agentemis","BEACON","CobaltStrike","cobeacon""","""Cobalt Strike""","""2025-12-22 03:47:41""","""75""","""None"""
"2025-12-22 02:47:41","""1684580""","""8j6dt21smgcw0.cfc-execute.su.baidubce.com""","""domain""","""botnet_cc""","""win.cobalt_strike""","""Agentemis","BEACON","CobaltStrike","cobeacon""","""Cobalt Strike""","""2025-12-22 03:47:42""","""75""","""None"""
"2025-12-22 02:47:24","""1684578""","""vopqew.ext1nctlog8ia.ru""","""domain""","""payload_delivery""","""js.clearfake""","""None""","""ClearFake""","""""","""100""","""None""","""ClearFake""","""0""","""threatcat_ch"""
"2025-12-22 02:37:22","""1684577""","""fezqun.b1u7tpercep.ru""","""domain""","""payload_delivery""","""js.clearfake""","""None""","""ClearFake""","""""","""100""","""None""","""ClearFake""","""0""","""threatcat_ch"""
"2025-12-22 02:27:21","""1684576""","""kipwet.b1u7tpercep.ru""","""domain""","""payload_delivery""","""js.clearfake""","""None""","""ClearFake""","""""","""100""","""None""","""ClearFake""","""0""","""threatcat_ch"""
"2025-12-22 02:17:10","""1684574""","""muvcif.b1u7tpercep.ru""","""domain""","""payload_delivery""","""js.clearfake""","""None""","""ClearFake""","""""","""100""","""None""","""ClearFake""","""0""","""threatcat_ch"""
"2025-12-22 02:08:06","""1684573""","""hyldox.b1u7tpercep.ru""","""domain""","""payload_delivery""","""js.clearfake""","""None""","""ClearFake""","""""","""100""","""None""","""ClearFake""","""0""","""threatcat_ch"""
"2025-12-22 01:57:57","""1684572""","""zqneby.b1u7tpercep.ru""","""domain""","""payload_delivery""","""js.clearfake""","""None""","""ClearFake""","""""","""100""","""None""","""ClearFake""","""0""","""threatcat_ch"""
"2025-12-22 01:47:53","""1684571""","""wugbem.re1e8atedday.ru""","""domain""","""payload_delivery""","""js.clearfake""","""None""","""ClearFake""","""""","""100""","""None""","""ClearFake""","""0""","""threatcat_ch"""
"2025-12-22 01:38:56","""1684570""","""tixfoq.re1e8atedday.ru""","""domain""","""payload_delivery""","""js.clearfake""","""None""","""ClearFake""","""""","""100""","""None""","""ClearFake""","""0""","""threatcat_ch"""
"2025-12-22 01:27:48","""1684569""","""sabqer.re1e8atedday.ru""","""domain""","""payload_delivery""","""js.clearfake""","""None""","""ClearFake""","""""","""100""","""None""","""ClearFake""","""0""","""threatcat_ch"""
"2025-12-22 01:17:42","""1684567""","""mirkub.re1e8atedday.ru""","""domain""","""payload_delivery""","""js.clearfake""","""None""","""ClearFake""","""""","""100""","""None""","""ClearFake""","""0""","""threatcat_ch"""
"2025-12-22 01:07:38","""1684566""","""gxyfew.re1e8atedday.ru""","""domain""","""payload_delivery""","""js.clearfake""","""None""","""ClearFake""","""""","""100""","""None""","""ClearFake""","""0""","""threatcat_ch"""
"2025-12-22 00:58:25","""1684565""","""piahuz.nep2le5reach.ru""","""domain""","""payload_delivery""","""js.clearfake""","""None""","""ClearFake""","""""","""100""","""None""","""ClearFake""","""0""","""threatcat_ch"""
"2025-12-22 00:48:21","""1684564""","""ktnsib.nep2le5reach.ru""","""domain""","""payload_delivery""","""js.clearfake""","""None""","""ClearFake""","""""","""100""","""None""","""ClearFake""","""0""","""threatcat_ch"""
"2025-12-22 00:38:20","""1684562""","""woljaf.nep2le5reach.ru""","""domain""","""payload_delivery""","""js.clearfake""","""None""","""ClearFake""","""""","""100""","""None""","""ClearFake""","""0""","""threatcat_ch"""
"2025-12-22 00:27:43","""1684561""","""yxmdeq.nep2le5reach.ru""","""domain""","""payload_delivery""","""js.clearfake""","""None""","""ClearFake""","""""","""100""","""None""","""ClearFake""","""0""","""threatcat_ch"""
"2025-12-22 00:18:06","""1684560""","""fvgqer.nep2le5reach.ru""","""domain""","""payload_delivery""","""js.clearfake""","""None""","""ClearFake""","""""","""100""","""None""","""ClearFake""","""0""","""threatcat_ch"""
"2025-12-22 00:07:33","""1684559""","""tyrwam.stumbv1gil2nt.ru""","""domain""","""payload_delivery""","""js.clearfake""","""None""","""ClearFake""","""""","""100""","""None""","""ClearFake""","""0""","""threatcat_ch"""
"2025-12-22 00:01:44","""1684547""","""ub.testingweblink.com""","""domain""","""botnet_cc""","""win.havoc""","""Havokiz""","""Havoc""","""""","""100""","""https://search.censys.io/hosts/188.166.156.56+ub.testingweblink.com""","""AS14061","C2","censys"
"2025-12-21 23:57:28","""1684541""","""qepzot.stumbv1gil2nt.ru""","""domain""","""payload_delivery""","""js.clearfake""","""None""","""ClearFake""","""""","""100""","""None""","""ClearFake""","""0""","""threatcat_ch"""
"2025-12-21 23:47:28","""1684540""","""lbqhiw.stumbv1gil2nt.ru""","""domain""","""payload_delivery""","""js.clearfake""","""None""","""ClearFake""","""""","""100""","""None""","""ClearFake""","""0""","""threatcat_ch"""
"2025-12-21 23:38:17","""1684539""","""vutmeq.stumbv1gil2nt.ru""","""domain""","""payload_delivery""","""js.clearfake""","""None""","""ClearFake""","""""","""100""","""None""","""ClearFake""","""0""","""threatcat_ch"""
"2025-12-21 23:27:14","""1684536""","""xyrfom.stumbv1gil2nt.ru""","""domain""","""payload_delivery""","""js.clearfake""","""None""","""ClearFake""","""""","""100""","""None""","""ClearFake""","""0""","""threatcat_ch"""
"2025-12-21 23:18:07","""1684531""","""jafkim.frei1r2tions.ru""","""domain""","""payload_delivery""","""js.clearfake""","""None""","""ClearFake""","""""","""100""","""None""","""ClearFake""","""0""","""threatcat_ch"""
"2025-12-21 23:08:02","""1684529""","""zuhxoq.frei1r2tions.ru""","""domain""","""payload_delivery""","""js.clearfake""","""None""","""ClearFake""","""""","""100""","""None""","""ClearFake""","""0""","""threatcat_ch"""
"2025-12-21 22:57:57","""1684519""","""pvnemi.frei1r2tions.ru""","""domain""","""payload_delivery""","""js.clearfake""","""None""","""ClearFake""","""""","""100""","""None""","""ClearFake""","""0""","""threatcat_ch"""
"2025-12-21 22:47:56","""1684518""","""gsbqot.frei1r2tions.ru""","""domain""","""payload_delivery""","""js.clearfake""","""None""","""ClearFake""","""""","""100""","""None""","""ClearFake""","""0""","""threatcat_ch"""
"2025-12-21 22:37:48","""1684516""","""iclw7k.frei1r2tions.ru""","""domain""","""payload_delivery""","""js.clearfake""","""None""","""ClearFake""","""""","""100""","""None""","""ClearFake""","""0""","""threatcat_ch"""
"2025-12-21 22:23:52","""1684514""","""hulsaf.f1atte5tudies.ru""","""domain""","""payload_delivery""","""js.clearfake""","""None""","""ClearFake""","""""","""100""","""None""","""ClearFake""","""0""","""threatcat_ch"""
"2025-12-21 22:17:42","""1684513""","""bexiq9.f1atte5tudies.ru""","""domain""","""payload_delivery""","""js.clearfake""","""None""","""ClearFake""","""""","""100""","""None""","""ClearFake""","""0""","""threatcat_ch"""
"2025-12-21 22:08:03","""1684512""","""xiwfut.f1atte5tudies.ru""","""domain""","""payload_delivery""","""js.clearfake""","""None""","""ClearFake""","""""","""100""","""None""","""ClearFake""","""0""","""threatcat_ch"""
"2025-12-21 21:57:28","""1684509""","""qtrmew.f1atte5tudies.ru""","""domain""","""payload_delivery""","""js.clearfake""","""None""","""ClearFake""","""""","""100""","""None""","""ClearFake""","""0""","""threatcat_ch"""
"2025-12-21 21:48:54","""1684508""","""uijy5p.f1atte5tudies.ru""","""domain""","""payload_delivery""","""js.clearfake""","""None""","""ClearFake""","""""","""100""","""None""","""ClearFake""","""0""","""threatcat_ch"""
"2025-12-21 21:37:50","""1684507""","""wusgik.ki7kar0und.ru""","""domain""","""payload_delivery""","""js.clearfake""","""None""","""ClearFake""","""""","""100""","""None""","""ClearFake""","""0""","""threatcat_ch"""
"2025-12-21 21:28:40","""1684506""","""flgqer.ki7kar0und.ru""","""domain""","""payload_delivery""","""js.clearfake""","""None""","""ClearFake""","""""","""100""","""None""","""ClearFake""","""0""","""threatcat_ch"""
"2025-12-21 21:17:38","""1684505""","""mykfeu.ki7kar0und.ru""","""domain""","""payload_delivery""","""js.clearfake""","""None""","""ClearFake""","""""","""100""","""None""","""ClearFake""","""0""","""threatcat_ch"""
"2025-12-21 21:07:33","""1684502""","""czjot6.ki7kar0und.ru""","""domain""","""payload_delivery""","""js.clearfake""","""None""","""ClearFake""","""""","""100""","""None""","""ClearFake""","""0""","""threatcat_ch"""
"2025-12-21 20:57:28","""1684501""","""vqhrez.ki7kar0und.ru""","""domain""","""payload_delivery""","""js.clearfake""","""None""","""ClearFake""","""""","""100""","""None""","""ClearFake""","""0""","""threatcat_ch"""
"2025-12-21 20:47:23","""1684500""","""pnumtq.fi7erup2ca.ru""","""domain""","""payload_delivery""","""js.clearfake""","""None""","""ClearFake""","""""","""100""","""None""","""ClearFake""","""0""","""threatcat_ch"""
"2025-12-21 20:38:16","""1684498""","""tqyhob.fi7erup2ca.ru""","""domain""","""payload_delivery""","""js.clearfake""","""None""","""ClearFake""","""""","""100""","""None""","""ClearFake""","""0""","""threatcat_ch"""
"2025-12-21 20:28:14","""1684497""","""kdtriw.fi7erup2ca.ru""","""domain""","""payload_delivery""","""js.clearfake""","""None""","""ClearFake""","""""","""100""","""None""","""ClearFake""","""0""","""threatcat_ch"""
"2025-12-21 20:18:09","""1684496""","""rucgev.fi7erup2ca.ru""","""domain""","""payload_delivery""","""js.clearfake""","""None""","""ClearFake""","""""","""100""","""None""","""ClearFake""","""0""","""threatcat_ch"""
"2025-12-21 20:09:57","""1684495""","""zvmdi3.fi7erup2ca.ru""","""domain""","""payload_delivery""","""js.clearfake""","""None""","""ClearFake""","""""","""100""","""None""","""ClearFake""","""0""","""threatcat_ch"""
"2025-12-21 18:57:00","""1684484""","""naxul7.bed0kur5noop.ru""","""domain""","""payload_delivery""","""js.clearfake""","""None""","""ClearFake""","""2025-12-21 18:58:31""","""100""","""None""","""ClearFake""","""0""","""threatcat_ch"""
"2025-12-21 18:47:52","""1684481""","""qivk8o.bed0kur5noop.ru""","""domain""","""payload_delivery""","""js.clearfake""","""None""","""ClearFake""","""2025-12-21 18:54:28""","""100""","""None""","""ClearFake""","""0""","""threatcat_ch"""
"2025-12-21 18:37:51","""1684477""","""fytqon.bed0kur5noop.ru""","""domain""","""payload_delivery""","""js.clearfake""","""None""","""ClearFake""","""2025-12-21 18:39:32""","""100""","""None""","""ClearFake""","""0""","""threatcat_ch"""
"2025-12-21 18:28:46","""1684476""","""jsmufe.bed0kur5noop.ru""","""domain""","""payload_delivery""","""js.clearfake""","""None""","""ClearFake""","""2025-12-21 18:36:29""","""100""","""None""","""ClearFake""","""0""","""threatcat_ch"""
"2025-12-21 18:17:38","""1684474""","""bhgqaz.bed0kur5noop.ru""","""domain""","""payload_delivery""","""js.clearfake""","""None""","""ClearFake""","""2025-12-21 18:23:16""","""100""","""None""","""ClearFake""","""0""","""threatcat_ch"""
"2025-12-21 18:08:31","""1684472""","""pavqig.ha1fsovnarc0m.ru""","""domain""","""payload_delivery""","""js.clearfake""","""None""","""ClearFake""","""2025-12-21 18:09:43""","""100""","""None""","""ClearFake""","""0""","""threatcat_ch"""
"2025-12-21 17:57:31","""1684471""","""lyrbem.ha1fsovnarc0m.ru""","""domain""","""payload_delivery""","""js.clearfake""","""None""","""ClearFake""","""2025-12-21 18:02:32""","""100""","""None""","""ClearFake""","""0""","""threatcat_ch"""
"2025-12-21 17:48:24","""1684470""","""hen0qt.ha1fsovnarc0m.ru""","""domain""","""payload_delivery""","""js.clearfake""","""None""","""ClearFake""","""2025-12-21 17:50:52""","""100""","""None""","""ClearFake""","""0""","""threatcat_ch"""
"2025-12-21 17:41:09","""1684469""","""fycgop.ha1fsovnarc0m.ru""","""domain""","""payload_delivery""","""js.clearfake""","""None""","""ClearFake""","""2025-12-21 17:43:39""","""100""","""None""","""ClearFake""","""0""","""threatcat_ch"""
"2025-12-21 17:35:25","""1684468""","""mmvzir.ha1fsovnarc0m.ru""","""domain""","""payload_delivery""","""js.clearfake""","""None""","""ClearFake""","""2025-12-21 17:37:24""","""100""","""None""","""ClearFake""","""0""","""threatcat_ch"""
"2025-12-21 17:27:46","""1684466""","""hacgy.d0ubletr2ffic.ru""","""domain""","""payload_delivery""","""js.clearfake""","""None""","""ClearFake""","""2025-12-21 17:28:59""","""100""","""None""","""ClearFake""","""0""","""threatcat_ch"""
"2025-12-21 17:17:42","""1684465""","""qfegi1.d0ubletr2ffic.ru""","""domain""","""payload_delivery""","""js.clearfake""","""None""","""ClearFake""","""2025-12-21 17:19:20""","""100""","""None""","""ClearFake""","""0""","""threatcat_ch"""
"2025-12-21 17:07:34","""1684464""","""lazf7o.d0ubletr2ffic.ru""","""domain""","""payload_delivery""","""js.clearfake""","""None""","""ClearFake""","""2025-12-21 17:09:44""","""100""","""None""","""ClearFake""","""0""","""threatcat_ch"""
"2025-12-21 16:57:32","""1684463""","""xurtev.d0ubletr2ffic.ru""","""domain""","""payload_delivery""","""js.clearfake""","""None""","""ClearFake""","""2025-12-21 16:59:36""","""100""","""None""","""ClearFake""","""0""","""threatcat_ch"""
"2025-12-21 16:47:25","""1684462""","""qjsbap.d0ubletr2ffic.ru""","""domain""","""payload_delivery""","""js.clearfake""","""None""","""ClearFake""","""2025-12-21 16:49:51""","""100""","""None""","""ClearFake""","""0""","""threatcat_ch"""
"2025-12-21 16:38:20","""1684461""","""pylc0x.g2erharve5t.ru""","""domain""","""payload_delivery""","""js.clearfake""","""None""","""ClearFake""","""2025-12-21 16:44:48""","""100""","""None""","""ClearFake""","""0""","""threatcat_ch"""
"2025-12-21 16:28:16","""1684459""","""hadren.g2erharve5t.ru""","""domain""","""payload_delivery""","""js.clearfake""","""None""","""ClearFake""","""2025-12-21 16:31:17""","""100""","""None""","""ClearFake""","""0""","""threatcat_ch"""
"2025-12-21 16:18:09","""1684453""","""miqvut.g2erharve5t.ru""","""domain""","""payload_delivery""","""js.clearfake""","""None""","""ClearFake""","""2025-12-21 16:23:18""","""100""","""None""","""ClearFake""","""0""","""threatcat_ch"""
"2025-12-21 16:10:00","""1684452""","""zofe5k.g2erharve5t.ru""","""domain""","""payload_delivery""","""js.clearfake""","""None""","""ClearFake""","""2025-12-21 16:11:07""","""100""","""None""","""ClearFake""","""0""","""threatcat_ch"""
"2025-12-21 16:02:33","""1684450""","""uxth9t.g2erharve5t.ru""","""domain""","""payload_delivery""","""js.clearfake""","""None""","""ClearFake""","""2025-12-21 16:07:35""","""100""","""None""","""ClearFake""","""0""","""threatcat_ch"""
"2025-12-21 16:02:05","""1684449""","""galciausuarios.shop""","""domain""","""botnet_cc""","""win.havoc""","""Havokiz""","""Havoc""","""2025-12-21 23:00:56""","""100""","""https://search.censys.io/hosts/185.208.159.162+galciausuarios.shop""","""AS42624","C2","censys"
"2025-12-21 15:55:39","""1684447""","""j29n0.d0nat1mpenet.ru""","""domain""","""payload_delivery""","""js.clearfake""","""None""","""ClearFake""","""2025-12-21 15:55:39""","""100""","""None""","""clearfake""","""1""","""ttakvam"""
"2025-12-21 15:48:31","""1684446""","""mpen0d.d0nat1mpenet.ru""","""domain""","""payload_delivery""","""js.clearfake""","""None""","""ClearFake""","""2025-12-21 15:54:03""","""100""","""None""","""ClearFake""","""0""","""threatcat_ch"""
"2025-12-21 15:37:52","""1684445""","""ruev6.d0nat1mpenet.ru""","""domain""","""payload_delivery""","""js.clearfake""","""None""","""ClearFake""","""2025-12-21 15:45:16""","""100""","""None""","""ClearFake""","""0""","""threatcat_ch"""
"2025-12-21 15:28:46","""1684444""","""vzo9h.d0nat1mpenet.ru""","""domain""","""payload_delivery""","""js.clearfake""","""None""","""ClearFake""","""2025-12-21 15:34:06""","""100""","""None""","""ClearFake""","""0""","""threatcat_ch"""
"2025-12-21 15:25:29","""1684443""","""e09f4p3.d0nat1mpenet.ru""","""domain""","""payload_delivery""","""js.clearfake""","""None""","""ClearFake""","""2025-12-21 15:29:07""","""100""","""None""","""ClearFake""","""0""","""threatcat_ch"""
"2025-12-21 15:24:55","""1684431""","""newapi-ffxg.onrender.com""","""domain""","""botnet_cc""","""unknown_stealer""","""None""","""Unknown Stealer""","""""","""100""","""https://bazaar.abuse.ch/sample/1bd24ae27b199517929707a17870cb4569666da7feeeac2fd51d3873ce74c272/""","""c2","SilentStealer""","""0"""
"2025-12-21 15:17:42","""1684438""","""oqryhi.ch2rredm0urn.ru""","""domain""","""payload_delivery""","""js.clearfake""","""None""","""ClearFake""","""""","""100""","""None""","""ClearFake""","""0""","""threatcat_ch"""
"2025-12-21 15:08:32","""1684437""","""lpabx9f.ch2rredm0urn.ru""","""domain""","""payload_delivery""","""js.clearfake""","""None""","""ClearFake""","""""","""100""","""None""","""ClearFake""","""0""","""threatcat_ch"""
"2025-12-21 15:02:50","""1684436""","""xyfkt0.sp2ceba7tie.ru""","""domain""","""payload_delivery""","""js.clearfake""","""None""","""ClearFake""","""""","""100""","""None""","""ClearFake""","""0""","""threatcat_ch"""
"2025-12-21 14:58:03","""1684435""","""peibxrv.sp2ceba7tie.ru""","""domain""","""payload_delivery""","""js.clearfake""","""None""","""ClearFake""","""""","""100""","""None""","""ClearFake""","""0""","""threatcat_ch"""
"2025-12-21 14:46:54","""1684434""","""i6kod8i.sp2ceba7tie.ru""","""domain""","""payload_delivery""","""js.clearfake""","""None""","""ClearFake""","""""","""100""","""None""","""ClearFake""","""0""","""threatcat_ch"""
"2025-12-21 14:44:05","""1684432""","""jqgpu1.sp2ceba7tie.ru""","""domain""","""payload_delivery""","""js.clearfake""","""None""","""ClearFake""","""""","""100""","""None""","""ClearFake""","""0""","""threatcat_ch"""
"2025-12-21 14:01:19","""1684430""","""5of.ki7kar0und.ru""","""domain""","""payload_delivery""","""js.clearfake""","""None""","""ClearFake""","""2025-12-21 14:03:23""","""100""","""None""","""ClearFake""","""0""","""threatcat_ch"""
"2025-12-21 13:57:52","""1684429""","""guard.f1atte5tudies.ru""","""domain""","""payload_delivery""","""js.clearfake""","""None""","""ClearFake""","""2025-12-21 13:59:04""","""100""","""None""","""ClearFake""","""0""","""threatcat_ch"""
"2025-12-21 13:47:27","""1684428""","""shadow.f1atte5tudies.ru""","""domain""","""payload_delivery""","""js.clearfake""","""None""","""ClearFake""","""2025-12-21 13:51:00""","""100""","""None""","""ClearFake""","""0""","""threatcat_ch"""
"2025-12-21 13:44:31","""1684427""","""cloud.f1atte5tudies.ru""","""domain""","""payload_delivery""","""js.clearfake""","""None""","""ClearFake""","""2025-12-21 13:46:41""","""100""","""None""","""ClearFake""","""0""","""threatcat_ch"""
"2025-12-21 13:38:18","""1684426""","""i40.f1atte5tudies.ru""","""domain""","""payload_delivery""","""js.clearfake""","""None""","""ClearFake""","""2025-12-21 13:39:42""","""100""","""None""","""ClearFake""","""0""","""threatcat_ch"""
"2025-12-21 13:27:14","""1684425""","""9o.frei1r2tions.ru""","""domain""","""payload_delivery""","""js.clearfake""","""None""","""ClearFake""","""2025-12-21 13:29:58""","""100""","""None""","""ClearFake""","""0""","""threatcat_ch"""
"2025-12-21 13:22:03","""1684424""","""pixel.frei1r2tions.ru""","""domain""","""payload_delivery""","""js.clearfake""","""None""","""ClearFake""","""2025-12-21 13:26:19""","""100""","""None""","""ClearFake""","""0""","""threatcat_ch"""
"2025-12-21 13:18:17","""1684423""","""gu.frei1r2tions.ru""","""domain""","""payload_delivery""","""js.clearfake""","""None""","""ClearFake""","""2025-12-21 13:21:00""","""100""","""None""","""ClearFake""","""0""","""threatcat_ch"""
"2025-12-21 13:06:13","""1684422""","""s5ni.frei1r2tions.ru""","""domain""","""payload_delivery""","""js.clearfake""","""None""","""ClearFake""","""2025-12-21 13:07:43""","""100""","""None""","""ClearFake""","""0""","""threatcat_ch"""
"2025-12-21 12:58:01","""1684421""","""6i.bracket-fern.ru""","""domain""","""payload_delivery""","""js.clearfake""","""None""","""ClearFake""","""2025-12-21 13:04:20""","""100""","""None""","""ClearFake""","""0""","""threatcat_ch"""
"2025-12-21 12:47:54","""1684420""","""jgdjo.bracket-fern.ru""","""domain""","""payload_delivery""","""js.clearfake""","""None""","""ClearFake""","""2025-12-21 12:51:28""","""100""","""None""","""ClearFake""","""0""","""threatcat_ch"""
"2025-12-21 12:37:51","""1684418""","""oi.bracket-fern.ru""","""domain""","""payload_delivery""","""js.clearfake""","""None""","""ClearFake""","""2025-12-21 12:38:33""","""100""","""None""","""ClearFake""","""0""","""threatcat_ch"""
"2025-12-21 12:37:26","""1684417""","""kurol.io""","""domain""","""botnet_cc""","""elf.mirai""","""Katana""","""Mirai""","""""","""100""","""https://urlhaus.abuse.ch/host/81.88.18.108/""","""Mirai""","""0""","""NDA0E"""
"2025-12-21 12:27:15","""1684416""","""10.bracket-fern.ru""","""domain""","""payload_delivery""","""js.clearfake""","""None""","""ClearFake""","""2025-12-21 12:34:08""","""100""","""None""","""ClearFake""","""0""","""threatcat_ch"""
"2025-12-21 12:15:43","""1684415""","""py9.bracketfern.ru""","""domain""","""payload_delivery""","""js.clearfake""","""None""","""ClearFake""","""2025-12-21 12:19:08""","""100""","""None""","""ClearFake""","""0""","""threatcat_ch"""
"2025-12-21 12:08:11","""1684413""","""rblfh.bracketfern.ru""","""domain""","""payload_delivery""","""js.clearfake""","""None""","""ClearFake""","""2025-12-21 12:14:47""","""100""","""None""","""ClearFake""","""0""","""threatcat_ch"""
"2025-12-21 12:03:23","""1684412""","""maaahao.vip""","""domain""","""botnet_cc""","""win.valley_rat""","""Winos""","""ValleyRAT""","""2025-12-21 12:03:24""","""100""","""https://tria.ge/251221-nz3j1stpdr""","""C2","domain","rat"
"2025-12-21 12:02:23","""1684411""","""danaloids-38924.portmap.host""","""domain""","""botnet_cc""","""win.xworm""","""None""","""XWorm""","""""","""100""","""https://tria.ge/251221-mp375atlhl""","""C2","domain","triage"
"2025-12-21 11:58:03","""1684409""","""scd.bracketfern.ru""","""domain""","""payload_delivery""","""js.clearfake""","""None""","""ClearFake""","""2025-12-21 12:03:20""","""100""","""None""","""ClearFake""","""0""","""threatcat_ch"""
"2025-12-21 11:47:56","""1684408""","""cc.bracketfern.ru""","""domain""","""payload_delivery""","""js.clearfake""","""None""","""ClearFake""","""2025-12-21 11:54:08""","""100""","""None""","""ClearFake""","""0""","""threatcat_ch"""
"2025-12-21 11:37:52","""1684407""","""507.fl-1-ntrelay.ru""","""domain""","""payload_delivery""","""js.clearfake""","""None""","""ClearFake""","""2025-12-21 11:44:35""","""100""","""None""","""ClearFake""","""0""","""threatcat_ch"""
"2025-12-21 11:28:14","""1684406""","""trace.fl-1-ntrelay.ru""","""domain""","""payload_delivery""","""js.clearfake""","""None""","""ClearFake""","""2025-12-21 11:33:15""","""100""","""None""","""ClearFake""","""0""","""threatcat_ch"""
"2025-12-21 11:21:31","""1684405""","""8o9r.fl-1-ntrelay.ru""","""domain""","""payload_delivery""","""js.clearfake""","""None""","""ClearFake""","""2025-12-21 11:27:42""","""100""","""None""","""ClearFake""","""0""","""threatcat_ch"""
"2025-12-21 11:17:39","""1684404""","""832ez.fl-1-ntrelay.ru""","""domain""","""payload_delivery""","""js.clearfake""","""None""","""ClearFake""","""2025-12-21 11:18:34""","""100""","""None""","""ClearFake""","""0""","""threatcat_ch"""
"2025-12-21 11:07:36","""1684403""","""km.hollowfizz.ru""","""domain""","""payload_delivery""","""js.clearfake""","""None""","""ClearFake""","""2025-12-21 11:09:16""","""100""","""None""","""ClearFake""","""0""","""threatcat_ch"""
"2025-12-21 10:57:34","""1684391""","""weird.hollowfizz.ru""","""domain""","""payload_delivery""","""js.clearfake""","""None""","""ClearFake""","""2025-12-21 11:05:20""","""100""","""None""","""ClearFake""","""0""","""threatcat_ch"""
"2025-12-21 10:48:25","""1684390""","""jingle.hollowfizz.ru""","""domain""","""payload_delivery""","""js.clearfake""","""None""","""ClearFake""","""2025-12-21 10:50:21""","""100""","""None""","""ClearFake""","""0""","""threatcat_ch"""
"2025-12-21 10:37:24","""1684389""","""glitch.hollowfizz.ru""","""domain""","""payload_delivery""","""js.clearfake""","""None""","""ClearFake""","""2025-12-21 10:38:12""","""100""","""None""","""ClearFake""","""0""","""threatcat_ch"""
"2025-12-21 10:26:46","""1684388""","""crate.j-1-ngleknob.ru""","""domain""","""payload_delivery""","""js.clearfake""","""None""","""ClearFake""","""2025-12-21 10:31:12""","""100""","""None""","""ClearFake""","""0""","""threatcat_ch"""
"2025-12-21 10:23:24","""1684387""","""spark.j-1-ngleknob.ru""","""domain""","""payload_delivery""","""js.clearfake""","""None""","""ClearFake""","""2025-12-21 10:25:40""","""100""","""None""","""ClearFake""","""0""","""threatcat_ch"""
"2025-12-21 10:18:14","""1684386""","""yf2i.j-1-ngleknob.ru""","""domain""","""payload_delivery""","""js.clearfake""","""None""","""ClearFake""","""2025-12-21 10:19:43""","""100""","""None""","""ClearFake""","""0""","""threatcat_ch"""
"2025-12-21 10:08:06","""1684385""","""8udp8.j-1-ngleknob.ru""","""domain""","""payload_delivery""","""js.clearfake""","""None""","""ClearFake""","""2025-12-21 10:10:10""","""100""","""None""","""ClearFake""","""0""","""threatcat_ch"""
"2025-12-21 09:57:59","""1684384""","""xze.hollow-fizz.ru""","""domain""","""payload_delivery""","""js.clearfake""","""None""","""ClearFake""","""2025-12-21 10:00:49""","""100""","""None""","""ClearFake""","""0""","""threatcat_ch"""
"2025-12-21 09:47:27","""1684383""","""beta.hollow-fizz.ru""","""domain""","""payload_delivery""","""js.clearfake""","""None""","""ClearFake""","""2025-12-21 09:48:44""","""100""","""None""","""ClearFake""","""0""","""threatcat_ch"""
"2025-12-21 09:37:19","""1684382""","""patchwork.hollow-fizz.ru""","""domain""","""payload_delivery""","""js.clearfake""","""None""","""ClearFake""","""2025-12-21 09:39:36""","""100""","""None""","""ClearFake""","""0""","""threatcat_ch"""
"2025-12-21 09:27:14","""1684381""","""nm1.hollow-fizz.ru""","""domain""","""payload_delivery""","""js.clearfake""","""None""","""ClearFake""","""2025-12-21 09:28:54""","""100""","""None""","""ClearFake""","""0""","""threatcat_ch"""
"2025-12-21 09:18:13","""1684380""","""b3g3.j1ngleknob.ru""","""domain""","""payload_delivery""","""js.clearfake""","""None""","""ClearFake""","""2025-12-21 09:20:27""","""100""","""None""","""ClearFake""","""0""","""threatcat_ch"""
"2025-12-21 09:07:08","""1684379""","""3ek56.j1ngleknob.ru""","""domain""","""payload_delivery""","""js.clearfake""","""None""","""ClearFake""","""2025-12-21 09:07:50""","""100""","""None""","""ClearFake""","""0""","""threatcat_ch"""
"2025-12-21 08:58:29","""1684378""","""odd.j1ngleknob.ru""","""domain""","""payload_delivery""","""js.clearfake""","""None""","""ClearFake""","""2025-12-21 09:01:29""","""100""","""None""","""clearfake""","""1""","""ttakvam"""
"2025-12-21 08:43:08","""1684372""","""a9.j1ngleknob.ru""","""domain""","""payload_delivery""","""js.clearfake""","""None""","""ClearFake""","""2025-12-21 08:44:57""","""100""","""None""","""ClearFake""","""0""","""threatcat_ch"""
"2025-12-21 08:36:55","""1684370""","""2to.t0rchmingle.ru""","""domain""","""payload_delivery""","""js.clearfake""","""None""","""ClearFake""","""2025-12-21 08:41:09""","""100""","""None""","""ClearFake""","""0""","""threatcat_ch"""
"2025-12-21 08:27:46","""1684369""","""he.t0rchmingle.ru""","""domain""","""payload_delivery""","""js.clearfake""","""None""","""ClearFake""","""2025-12-21 08:33:20""","""100""","""None""","""ClearFake""","""0""","""threatcat_ch"""
"2025-12-21 08:15:47","""1684368""","""jap7.t0rchmingle.ru""","""domain""","""payload_delivery""","""js.clearfake""","""None""","""ClearFake""","""2025-12-21 08:22:58""","""100""","""None""","""ClearFake""","""0""","""threatcat_ch"""
"2025-12-21 08:07:40","""1684367""","""do.t0rchmingle.ru""","""domain""","""payload_delivery""","""js.clearfake""","""None""","""ClearFake""","""2025-12-21 08:13:50""","""100""","""None""","""ClearFake""","""0""","""threatcat_ch"""
"2025-12-21 07:57:29","""1684358""","""tvgiv.fl1ntrelay.ru""","""domain""","""payload_delivery""","""js.clearfake""","""None""","""ClearFake""","""2025-12-21 08:04:31""","""100""","""None""","""ClearFake""","""0""","""threatcat_ch"""
"2025-12-21 07:48:31","""1684357""","""0k.fl1ntrelay.ru""","""domain""","""payload_delivery""","""js.clearfake""","""None""","""ClearFake""","""2025-12-21 07:55:11""","""100""","""None""","""ClearFake""","""0""","""threatcat_ch"""
"2025-12-21 07:31:05","""1684356""","""warp.fl1ntrelay.ru""","""domain""","""payload_delivery""","""js.clearfake""","""None""","""ClearFake""","""2025-12-21 07:34:31""","""100""","""None""","""ClearFake""","""0""","""threatcat_ch"""
"2025-12-21 07:28:36","""1684355""","""crackle.fl1ntrelay.ru""","""domain""","""payload_delivery""","""js.clearfake""","""None""","""ClearFake""","""2025-12-21 07:29:25""","""100""","""None""","""ClearFake""","""0""","""threatcat_ch"""
"2025-12-21 07:18:40","""1684354""","""nxu6.amber-coil.ru""","""domain""","""payload_delivery""","""js.clearfake""","""None""","""ClearFake""","""2025-12-21 07:23:45""","""100""","""None""","""ClearFake""","""0""","""threatcat_ch"""
"2025-12-21 07:07:37","""1684352""","""qt.amber-coil.ru""","""domain""","""payload_delivery""","""js.clearfake""","""None""","""ClearFake""","""2025-12-21 07:14:21""","""100""","""None""","""ClearFake""","""0""","""threatcat_ch"""
"2025-12-21 07:05:52","""1684218""","""convergepay.co.com""","""domain""","""botnet_cc""","""unknown""","""None""","""Unknown malware""","""""","""75""","""None""","""c2""","""0""","""xQeR"""
"2025-12-21 07:05:52","""1684219""","""southstateonline.co.com""","""domain""","""botnet_cc""","""unknown""","""None""","""Unknown malware""","""""","""75""","""None""","""c2""","""0""","""xQeR"""
"2025-12-21 07:05:51","""1684220""","""saferpay.co.com""","""domain""","""botnet_cc""","""unknown""","""None""","""Unknown malware""","""""","""75""","""None""","""c2""","""0""","""xQeR"""
"2025-12-21 07:05:51","""1684221""","""spendesk.co.com""","""domain""","""botnet_cc""","""unknown""","""None""","""Unknown malware""","""""","""75""","""None""","""c2""","""0""","""xQeR"""
"2025-12-21 07:05:50","""1684222""","""carterfcu.co.com""","""domain""","""botnet_cc""","""unknown""","""None""","""Unknown malware""","""""","""75""","""None""","""c2""","""0""","""xQeR"""
"2025-12-21 07:05:50","""1684223""","""flagstarbank.co.com""","""domain""","""botnet_cc""","""unknown""","""None""","""Unknown malware""","""""","""75""","""None""","""c2""","""0""","""xQeR"""
"2025-12-21 07:05:50","""1684224""","""tivimate.co.com""","""domain""","""botnet_cc""","""unknown""","""None""","""Unknown malware""","""""","""75""","""None""","""c2""","""0""","""xQeR"""
"2025-12-21 07:05:50","""1684225""","""app-slash.co.com""","""domain""","""botnet_cc""","""unknown""","""None""","""Unknown malware""","""""","""75""","""None""","""c2""","""0""","""xQeR"""
"2025-12-21 07:05:49","""1684226""","""fleetone.co.com""","""domain""","""botnet_cc""","""unknown""","""None""","""Unknown malware""","""""","""75""","""None""","""c2""","""0""","""xQeR"""
"2025-12-21 07:05:49","""1684227""","""tronskan.co.com""","""domain""","""botnet_cc""","""unknown""","""None""","""Unknown malware""","""""","""75""","""None""","""c2""","""0""","""xQeR"""
"2025-12-21 07:05:49","""1684228""","""skinbaaron.com""","""domain""","""botnet_cc""","""unknown""","""None""","""Unknown malware""","""""","""75""","""None""","""c2""","""0""","""xQeR"""
"2025-12-21 07:05:48","""1684230""","""firstcitizensonline.co.com""","""domain""","""botnet_cc""","""unknown""","""None""","""Unknown malware""","""""","""75""","""None""","""c2""","""0""","""xQeR"""
"2025-12-21 07:05:46","""1684229""","""skinbaron.co.com""","""domain""","""botnet_cc""","""unknown""","""None""","""Unknown malware""","""""","""75""","""None""","""c2""","""0""","""xQeR"""
"2025-12-21 07:05:46","""1684232""","""achievacredit.co.com""","""domain""","""botnet_cc""","""unknown""","""None""","""Unknown malware""","""""","""75""","""None""","""c2""","""0""","""xQeR"""
"2025-12-21 07:05:45","""1684231""","""websterbank.co.com""","""domain""","""botnet_cc""","""unknown""","""None""","""Unknown malware""","""""","""75""","""None""","""c2""","""0""","""xQeR"""
"2025-12-21 07:05:44","""1684233""","""synovusbank.co.com""","""domain""","""botnet_cc""","""unknown""","""None""","""Unknown malware""","""""","""75""","""None""","""c2""","""0""","""xQeR"""
"2025-12-21 07:05:44","""1684234""","""bannerbank.co.com""","""domain""","""botnet_cc""","""unknown""","""None""","""Unknown malware""","""""","""75""","""None""","""c2""","""0""","""xQeR"""
"2025-12-21 07:05:43","""1684235""","""ephratanational.co.com""","""domain""","""botnet_cc""","""unknown""","""None""","""Unknown malware""","""""","""75""","""None""","""c2""","""0""","""xQeR"""
"2025-12-21 07:05:43","""1684236""","""numericacredit.co.com""","""domain""","""botnet_cc""","""unknown""","""None""","""Unknown malware""","""""","""75""","""None""","""c2""","""0""","""xQeR"""
"2025-12-21 07:05:42","""1684237""","""renasantbank.co.com""","""domain""","""botnet_cc""","""unknown""","""None""","""Unknown malware""","""""","""75""","""None""","""c2""","""0""","""xQeR"""
"2025-12-21 07:05:42","""1684238""","""commercebank.co.com""","""domain""","""botnet_cc""","""unknown""","""None""","""Unknown malware""","""""","""75""","""None""","""c2""","""0""","""xQeR"""
"2025-12-21 07:05:42","""1684239""","""comericawebbanking.co.com""","""domain""","""botnet_cc""","""unknown""","""None""","""Unknown malware""","""""","""75""","""None""","""c2""","""0""","""xQeR"""
"2025-12-21 07:05:41","""1684240""","""amerisbank.co.com""","""domain""","""botnet_cc""","""unknown""","""None""","""Unknown malware""","""""","""75""","""None""","""c2""","""0""","""xQeR"""
"2025-12-21 07:05:41","""1684241""","""vacuonline.co.com""","""domain""","""botnet_cc""","""unknown""","""None""","""Unknown malware""","""""","""75""","""None""","""c2""","""0""","""xQeR"""
"2025-12-21 07:04:26","""1684247""","""fusebox-elavon.co.com""","""domain""","""botnet_cc""","""unknown""","""None""","""Unknown malware""","""""","""75""","""None""","""c2""","""0""","""xQeR"""
"2025-12-21 07:04:25","""1684242""","""psecumember.co.com""","""domain""","""botnet_cc""","""unknown""","""None""","""Unknown malware""","""""","""75""","""None""","""c2""","""0""","""xQeR"""
"2025-12-21 07:04:24","""1684253""","""horizon-united-cherry.com""","""domain""","""botnet_cc""","""unknown_stealer""","""None""","""Unknown Stealer""","""""","""100""","""https://www.joesandbox.com/analysis/1836846/1/html#domains""","""c2","ScarfaceStealer""","""0"""
"2025-12-21 07:03:37","""1684204""","""koz1.in.net""","""domain""","""botnet_cc""","""win.asyncrat""","""None""","""AsyncRAT""","""2025-12-22 00:59:20""","""100""","""https://yaraify.abuse.ch/scan/results/3db518f8-ddd7-11f0-9df4-42010aa4000b""","""AsyncRAT","Botnet","C2"
"2025-12-21 07:03:21","""1684322""","""e2etestsworker.localhost""","""domain""","""botnet_cc""","""win.cobalt_strike""","""Agentemis","BEACON","CobaltStrike","cobeacon""","""Cobalt Strike""","""2025-12-22 04:00:10""","""50""","""https://analytics.dugganusa.com"""
"2025-12-21 07:03:21","""1684333""","""domain1.sa.com""","""domain""","""botnet_cc""","""win.asyncrat""","""None""","""AsyncRAT""","""""","""50""","""https://www.virustotal.com/gui/file/cf86be95b4d744d5141fc689631852fc6ae4d9aeb83e2e850b4c0203b7eaaefd/detection""","""asyncrat","exe","malware"""
"2025-12-21 06:57:33","""1684351""","""torch.amber-coil.ru""","""domain""","""payload_delivery""","""js.clearfake""","""None""","""ClearFake""","""2025-12-21 07:03:38""","""100""","""None""","""ClearFake""","""0""","""threatcat_ch"""
"2025-12-21 06:47:29","""1684350""","""nova.amber-coil.ru""","""domain""","""payload_delivery""","""js.clearfake""","""None""","""ClearFake""","""2025-12-21 06:48:41""","""100""","""None""","""ClearFake""","""0""","""threatcat_ch"""
"2025-12-21 06:37:23","""1684349""","""8ux.ambercoil.ru""","""domain""","""payload_delivery""","""js.clearfake""","""None""","""ClearFake""","""2025-12-21 06:38:48""","""100""","""None""","""ClearFake""","""0""","""threatcat_ch"""
"2025-12-21 06:28:18","""1684348""","""vixen.ambercoil.ru""","""domain""","""payload_delivery""","""js.clearfake""","""None""","""ClearFake""","""2025-12-21 06:30:29""","""100""","""None""","""ClearFake""","""0""","""threatcat_ch"""
"2025-12-21 06:17:17","""1684347""","""omega.ambercoil.ru""","""domain""","""payload_delivery""","""js.clearfake""","""None""","""ClearFake""","""2025-12-21 06:18:16""","""100""","""None""","""ClearFake""","""0""","""threatcat_ch"""
"2025-12-21 06:07:38","""1684346""","""alpha.ambercoil.ru""","""domain""","""payload_delivery""","""js.clearfake""","""None""","""ClearFake""","""2025-12-21 06:10:03""","""100""","""None""","""ClearFake""","""0""","""threatcat_ch"""
"2025-12-21 05:53:14","""1684345""","""psh09.grit-pillow.ru""","""domain""","""payload_delivery""","""js.clearfake""","""None""","""ClearFake""","""2025-12-21 05:57:50""","""100""","""None""","""ClearFake""","""0""","""threatcat_ch"""
"2025-12-21 05:45:47","""1684344""","""bracket.grit-pillow.ru""","""domain""","""payload_delivery""","""js.clearfake""","""None""","""ClearFake""","""2025-12-21 05:48:23""","""100""","""None""","""ClearFake""","""0""","""threatcat_ch"""
"2025-12-21 05:43:36","""1684343""","""klpjx.grit-pillow.ru""","""domain""","""payload_delivery""","""js.clearfake""","""None""","""ClearFake""","""""","""100""","""None""","""ClearFake""","""0""","""threatcat_ch"""
"2025-12-21 05:38:48","""1684342""","""wa.grit-pillow.ru""","""domain""","""payload_delivery""","""js.clearfake""","""None""","""ClearFake""","""2025-12-21 05:39:48""","""100""","""None""","""ClearFake""","""0""","""threatcat_ch"""
"2025-12-21 05:27:50","""1684341""","""gamma.v0xencrate.ru""","""domain""","""payload_delivery""","""js.clearfake""","""None""","""ClearFake""","""2025-12-21 05:29:26""","""100""","""None""","""ClearFake""","""0""","""threatcat_ch"""
"2025-12-21 05:17:37","""1684340""","""fizz.v0xencrate.ru""","""domain""","""payload_delivery""","""js.clearfake""","""None""","""ClearFake""","""2025-12-21 05:19:28""","""100""","""None""","""ClearFake""","""0""","""threatcat_ch"""
"2025-12-21 05:08:31","""1684339""","""coil.v0xencrate.ru""","""domain""","""payload_delivery""","""js.clearfake""","""None""","""ClearFake""","""2025-12-21 05:13:55""","""100""","""None""","""ClearFake""","""0""","""threatcat_ch"""
"2025-12-21 04:57:58","""1684338""","""azcw.v0xencrate.ru""","""domain""","""payload_delivery""","""js.clearfake""","""None""","""ClearFake""","""2025-12-21 05:04:46""","""100""","""None""","""ClearFake""","""0""","""threatcat_ch"""
"2025-12-21 04:48:40","""1684337""","""16s.quark-spoon.ru""","""domain""","""payload_delivery""","""js.clearfake""","""None""","""ClearFake""","""2025-12-21 04:57:07""","""100""","""None""","""ClearFake""","""0""","""threatcat_ch"""
"2025-12-21 04:37:49","""1684336""","""g8xs.quark-spoon.ru""","""domain""","""payload_delivery""","""js.clearfake""","""None""","""ClearFake""","""2025-12-21 04:39:51""","""100""","""None""","""ClearFake""","""0""","""threatcat_ch"""
"2025-12-21 04:27:48","""1684335""","""8a.quark-spoon.ru""","""domain""","""payload_delivery""","""js.clearfake""","""None""","""ClearFake""","""2025-12-21 04:32:25""","""100""","""None""","""ClearFake""","""0""","""threatcat_ch"""
"2025-12-21 04:17:38","""1684334""","""snarl.quark-spoon.ru""","""domain""","""payload_delivery""","""js.clearfake""","""None""","""ClearFake""","""2025-12-21 04:20:30""","""100""","""None""","""ClearFake""","""0""","""threatcat_ch"""
"2025-12-21 04:07:46","""1684332""","""grit.sn-1-rlpatch.ru""","""domain""","""payload_delivery""","""js.clearfake""","""None""","""ClearFake""","""2025-12-21 04:13:47""","""100""","""None""","""ClearFake""","""0""","""threatcat_ch"""
"2025-12-21 03:57:28","""1684321""","""9lp0.sn-1-rlpatch.ru""","""domain""","""payload_delivery""","""js.clearfake""","""None""","""ClearFake""","""2025-12-21 04:00:58""","""100""","""None""","""ClearFake""","""0""","""threatcat_ch"""
"2025-12-21 03:47:25","""1684320""","""knob.sn-1-rlpatch.ru""","""domain""","""payload_delivery""","""js.clearfake""","""None""","""ClearFake""","""2025-12-21 03:53:12""","""100""","""None""","""ClearFake""","""0""","""threatcat_ch"""
"2025-12-21 03:37:19","""1684319""","""quark.sn-1-rlpatch.ru""","""domain""","""payload_delivery""","""js.clearfake""","""None""","""ClearFake""","""2025-12-21 03:43:47""","""100""","""None""","""ClearFake""","""0""","""threatcat_ch"""
"2025-12-21 03:28:22","""1684318""","""w45p.quarkspoon.ru""","""domain""","""payload_delivery""","""js.clearfake""","""None""","""ClearFake""","""2025-12-21 03:29:58""","""100""","""None""","""ClearFake""","""0""","""threatcat_ch"""
"2025-12-21 03:18:10","""1684317""","""1sx.quarkspoon.ru""","""domain""","""payload_delivery""","""js.clearfake""","""None""","""ClearFake""","""2025-12-21 03:24:26""","""100""","""None""","""ClearFake""","""0""","""threatcat_ch"""
"2025-12-21 03:07:09","""1684316""","""ember.quarkspoon.ru""","""domain""","""payload_delivery""","""js.clearfake""","""None""","""ClearFake""","""2025-12-21 03:09:32""","""100""","""None""","""ClearFake""","""0""","""threatcat_ch"""
"2025-12-21 02:53:13","""1684315""","""56.quarkspoon.ru""","""domain""","""payload_delivery""","""js.clearfake""","""None""","""ClearFake""","""2025-12-21 02:58:25""","""100""","""None""","""ClearFake""","""0""","""threatcat_ch"""
"2025-12-21 02:48:17","""1684312""","""c1.yourbigbro.shop""","""domain""","""botnet_cc""","""win.cobalt_strike""","""Agentemis","BEACON","CobaltStrike","cobeacon""","""Cobalt Strike""","""2025-12-22 03:47:43""","""75""","""None"""
"2025-12-21 02:47:54","""1684311""","""3ji4a.sn1rlpatch.ru""","""domain""","""payload_delivery""","""js.clearfake""","""None""","""ClearFake""","""2025-12-21 02:53:22""","""100""","""None""","""ClearFake""","""0""","""threatcat_ch"""
"2025-12-21 02:37:47","""1684310""","""shadow.sn1rlpatch.ru""","""domain""","""payload_delivery""","""js.clearfake""","""None""","""ClearFake""","""2025-12-21 02:43:47""","""100""","""None""","""ClearFake""","""0""","""threatcat_ch"""
"2025-12-21 02:27:19","""1684309""","""shift.sn1rlpatch.ru""","""domain""","""payload_delivery""","""js.clearfake""","""None""","""ClearFake""","""2025-12-21 02:32:51""","""100""","""None""","""ClearFake""","""0""","""threatcat_ch"""
"2025-12-21 02:14:53","""1684308""","""delta.sn1rlpatch.ru""","""domain""","""payload_delivery""","""js.clearfake""","""None""","""ClearFake""","""2025-12-21 02:22:01""","""100""","""None""","""ClearFake""","""0""","""threatcat_ch"""
"2025-12-21 02:08:04","""1684307""","""ed0c6.gritpillow.ru""","""domain""","""payload_delivery""","""js.clearfake""","""None""","""ClearFake""","""2025-12-21 02:11:51""","""100""","""None""","""ClearFake""","""0""","""threatcat_ch"""
"2025-12-21 01:58:02","""1684306""","""81nm8.gritpillow.ru""","""domain""","""payload_delivery""","""js.clearfake""","""None""","""ClearFake""","""2025-12-21 01:59:23""","""100""","""None""","""ClearFake""","""0""","""threatcat_ch"""
"2025-12-21 01:47:57","""1684305""","""fern.gritpillow.ru""","""domain""","""payload_delivery""","""js.clearfake""","""None""","""ClearFake""","""2025-12-21 01:48:55""","""100""","""None""","""ClearFake""","""0""","""threatcat_ch"""
"2025-12-21 01:38:44","""1684304""","""mingle.gritpillow.ru""","""domain""","""payload_delivery""","""js.clearfake""","""None""","""ClearFake""","""2025-12-21 01:39:16""","""100""","""None""","""ClearFake""","""0""","""threatcat_ch"""
"2025-12-21 01:28:26","""1684303""","""gd7k1.bluel1ght.ru""","""domain""","""payload_delivery""","""js.clearfake""","""None""","""ClearFake""","""2025-12-21 01:28:35""","""100""","""None""","""ClearFake""","""0""","""threatcat_ch"""
"2025-12-21 01:17:49","""1684302""","""5zp7i.bluel1ght.ru""","""domain""","""payload_delivery""","""js.clearfake""","""None""","""ClearFake""","""2025-12-21 01:19:20""","""100""","""None""","""ClearFake""","""0""","""threatcat_ch"""
"2025-12-21 01:07:35","""1684301""","""h20.bluel1ght.ru""","""domain""","""payload_delivery""","""js.clearfake""","""None""","""ClearFake""","""2025-12-21 01:09:37""","""100""","""None""","""ClearFake""","""0""","""threatcat_ch"""
"2025-12-21 00:58:29","""1684299""","""6zir.bluel1ght.ru""","""domain""","""payload_delivery""","""js.clearfake""","""None""","""ClearFake""","""2025-12-21 01:01:33""","""100""","""None""","""ClearFake""","""0""","""threatcat_ch"""
"2025-12-21 00:47:27","""1684298""","""akk.datap1xel.ru""","""domain""","""payload_delivery""","""js.clearfake""","""None""","""ClearFake""","""2025-12-21 00:49:28""","""100""","""None""","""ClearFake""","""0""","""threatcat_ch"""
"2025-12-21 00:35:30","""1684297""","""q8jd.datap1xel.ru""","""domain""","""payload_delivery""","""js.clearfake""","""None""","""ClearFake""","""2025-12-21 00:43:10""","""100""","""None""","""ClearFake""","""0""","""threatcat_ch"""
"2025-12-21 00:28:12","""1684293""","""ai.datap1xel.ru""","""domain""","""payload_delivery""","""js.clearfake""","""None""","""ClearFake""","""2025-12-21 00:33:43""","""100""","""None""","""ClearFake""","""0""","""threatcat_ch"""
"2025-12-21 00:18:08","""1684292""","""stone.datap1xel.ru""","""domain""","""payload_delivery""","""js.clearfake""","""None""","""ClearFake""","""2025-12-21 00:19:22""","""100""","""None""","""ClearFake""","""0""","""threatcat_ch"""
"2025-12-21 00:08:03","""1684291""","""bridge.sunf0rest.ru""","""domain""","""payload_delivery""","""js.clearfake""","""None""","""ClearFake""","""2025-12-21 00:09:30""","""100""","""None""","""ClearFake""","""0""","""threatcat_ch"""
"2025-12-20 23:58:03","""1684280""","""fox.sunf0rest.ru""","""domain""","""payload_delivery""","""js.clearfake""","""None""","""ClearFake""","""2025-12-21 00:00:28""","""100""","""None""","""ClearFake""","""0""","""threatcat_ch"""
"2025-12-20 23:42:36","""1684279""","""4v.sunf0rest.ru""","""domain""","""payload_delivery""","""js.clearfake""","""None""","""ClearFake""","""2025-12-20 23:44:43""","""100""","""None""","""ClearFake""","""0""","""threatcat_ch"""
"2025-12-20 23:37:19","""1684278""","""dark.sunf0rest.ru""","""domain""","""payload_delivery""","""js.clearfake""","""None""","""ClearFake""","""2025-12-20 23:38:59""","""100""","""None""","""ClearFake""","""0""","""threatcat_ch"""
"2025-12-20 23:28:19","""1684277""","""comet.softcr5st.ru""","""domain""","""payload_delivery""","""js.clearfake""","""None""","""ClearFake""","""2025-12-20 23:30:35""","""100""","""None""","""ClearFake""","""0""","""threatcat_ch"""
"2025-12-20 23:17:10","""1684276""","""0a9bd.softcr5st.ru""","""domain""","""payload_delivery""","""js.clearfake""","""None""","""ClearFake""","""2025-12-20 23:18:47""","""100""","""None""","""ClearFake""","""0""","""threatcat_ch"""
"2025-12-20 23:07:04","""1684275""","""ku9cp.softcr5st.ru""","""domain""","""payload_delivery""","""js.clearfake""","""None""","""ClearFake""","""2025-12-20 23:13:22""","""100""","""None""","""ClearFake""","""0""","""threatcat_ch"""
"2025-12-20 22:57:57","""1684256""","""32w5.softcr5st.ru""","""domain""","""payload_delivery""","""js.clearfake""","""None""","""ClearFake""","""2025-12-20 22:59:34""","""100""","""None""","""ClearFake""","""0""","""threatcat_ch"""
"2025-12-20 22:47:52","""1684255""","""f9u.stormm1st.ru""","""domain""","""payload_delivery""","""js.clearfake""","""None""","""ClearFake""","""2025-12-20 22:51:26""","""100""","""None""","""ClearFake""","""0""","""threatcat_ch"""
"2025-12-20 22:37:51","""1684254""","""tb.stormm1st.ru""","""domain""","""payload_delivery""","""js.clearfake""","""None""","""ClearFake""","""2025-12-20 22:40:15""","""100""","""None""","""ClearFake""","""0""","""threatcat_ch"""
"2025-12-20 22:27:45","""1684252""","""byb0.stormm1st.ru""","""domain""","""payload_delivery""","""js.clearfake""","""None""","""ClearFake""","""2025-12-20 22:33:50""","""100""","""None""","""ClearFake""","""0""","""threatcat_ch"""
"2025-12-20 22:17:42","""1684251""","""1an.stormm1st.ru""","""domain""","""payload_delivery""","""js.clearfake""","""None""","""ClearFake""","""2025-12-20 22:23:22""","""100""","""None""","""ClearFake""","""0""","""threatcat_ch"""
"2025-12-20 22:08:31","""1684250""","""rqdgj.wavec0de.ru""","""domain""","""payload_delivery""","""js.clearfake""","""None""","""ClearFake""","""2025-12-20 22:10:23""","""100""","""None""","""ClearFake""","""0""","""threatcat_ch"""
"2025-12-20 21:58:26","""1684248""","""8s.wavec0de.ru""","""domain""","""payload_delivery""","""js.clearfake""","""None""","""ClearFake""","""2025-12-20 21:59:29""","""100""","""None""","""ClearFake""","""0""","""threatcat_ch"""
"2025-12-20 21:51:13","""1684246""","""1now.wavec0de.ru""","""domain""","""payload_delivery""","""js.clearfake""","""None""","""ClearFake""","""2025-12-20 21:54:44""","""100""","""None""","""ClearFake""","""0""","""threatcat_ch"""
"2025-12-20 21:48:21","""1684245""","""p65a.wavec0de.ru""","""domain""","""payload_delivery""","""js.clearfake""","""None""","""ClearFake""","""2025-12-20 21:50:06""","""100""","""None""","""ClearFake""","""0""","""threatcat_ch"""
"2025-12-20 21:37:47","""1684244""","""es4.stormp1ne.ru""","""domain""","""payload_delivery""","""js.clearfake""","""None""","""ClearFake""","""2025-12-20 21:39:57""","""100""","""None""","""ClearFake""","""0""","""threatcat_ch"""
"2025-12-20 21:26:20","""1684243""","""3a.stormp1ne.ru""","""domain""","""payload_delivery""","""js.clearfake""","""None""","""ClearFake""","""2025-12-20 21:28:28""","""100""","""None""","""ClearFake""","""0""","""threatcat_ch"""
"2025-12-20 21:18:18","""1684217""","""sb.stormp1ne.ru""","""domain""","""payload_delivery""","""js.clearfake""","""None""","""ClearFake""","""2025-12-20 21:24:05""","""100""","""None""","""ClearFake""","""0""","""threatcat_ch"""
"2025-12-20 21:08:02","""1684216""","""5bvg1.stormp1ne.ru""","""domain""","""payload_delivery""","""js.clearfake""","""None""","""ClearFake""","""2025-12-20 21:09:43""","""100""","""None""","""ClearFake""","""0""","""threatcat_ch"""
"2025-12-20 20:58:27","""1684215""","""n774.rainf0x.ru""","""domain""","""payload_delivery""","""js.clearfake""","""None""","""ClearFake""","""2025-12-20 20:59:34""","""100""","""None""","""ClearFake""","""0""","""threatcat_ch"""
"2025-12-20 20:45:59","""1684214""","""wing.rainf0x.ru""","""domain""","""payload_delivery""","""js.clearfake""","""None""","""ClearFake""","""2025-12-20 20:49:01""","""100""","""None""","""ClearFake""","""0""","""threatcat_ch"""
"2025-12-20 20:31:04","""1684212""","""micp.rainf0x.ru""","""domain""","""payload_delivery""","""js.clearfake""","""None""","""ClearFake""","""2025-12-20 20:33:43""","""100""","""None""","""ClearFake""","""0""","""threatcat_ch"""
"2025-12-20 20:28:18","""1684211""","""mk1qq.rainf0x.ru""","""domain""","""payload_delivery""","""js.clearfake""","""None""","""ClearFake""","""2025-12-20 20:30:13""","""100""","""None""","""ClearFake""","""0""","""threatcat_ch"""
"2025-12-20 20:18:06","""1684210""","""7a19u.darkl1ne.ru""","""domain""","""payload_delivery""","""js.clearfake""","""None""","""ClearFake""","""2025-12-20 20:23:19""","""100""","""None""","""ClearFake""","""0""","""threatcat_ch"""
"2025-12-20 20:08:03","""1684209""","""beta.darkl1ne.ru""","""domain""","""payload_delivery""","""js.clearfake""","""None""","""ClearFake""","""2025-12-20 20:09:40""","""100""","""None""","""ClearFake""","""0""","""threatcat_ch"""
"2025-12-20 19:53:15","""1684205""","""field.darkl1ne.ru""","""domain""","""payload_delivery""","""js.clearfake""","""None""","""ClearFake""","""2025-12-20 19:58:00""","""100""","""None""","""ClearFake""","""0""","""threatcat_ch"""
"2025-12-20 19:47:53","""1684203""","""chx.darkl1ne.ru""","""domain""","""payload_delivery""","""js.clearfake""","""None""","""ClearFake""","""2025-12-20 19:50:43""","""100""","""None""","""ClearFake""","""0""","""threatcat_ch"""
"2025-12-20 19:37:48","""1684202""","""15.frostc0met.ru""","""domain""","""payload_delivery""","""js.clearfake""","""None""","""ClearFake""","""2025-12-20 19:39:38""","""100""","""None""","""ClearFake""","""0""","""threatcat_ch"""
"2025-12-20 19:27:43","""1684201""","""59l.frostc0met.ru""","""domain""","""payload_delivery""","""js.clearfake""","""None""","""ClearFake""","""2025-12-20 19:34:43""","""100""","""None""","""ClearFake""","""0""","""threatcat_ch"""
"2025-12-20 19:17:42","""1684200""","""0ej.frostc0met.ru""","""domain""","""payload_delivery""","""js.clearfake""","""None""","""ClearFake""","""2025-12-20 19:23:59""","""100""","""None""","""ClearFake""","""0""","""threatcat_ch"""
"2025-12-20 19:08:31","""1684199""","""0tmh.frostc0met.ru""","""domain""","""payload_delivery""","""js.clearfake""","""None""","""ClearFake""","""2025-12-20 19:10:00""","""100""","""None""","""ClearFake""","""0""","""threatcat_ch"""
"2025-12-20 18:57:31","""1684198""","""sgbvj.cloudb1rd.ru""","""domain""","""payload_delivery""","""js.clearfake""","""None""","""ClearFake""","""2025-12-20 18:59:45""","""100""","""None""","""ClearFake""","""0""","""threatcat_ch"""
"2025-12-20 18:43:08","""1684190""","""line.cloudb1rd.ru""","""domain""","""payload_delivery""","""js.clearfake""","""None""","""ClearFake""","""2025-12-20 18:52:09""","""100""","""None""","""ClearFake""","""0""","""threatcat_ch"""
"2025-12-20 18:36:21","""1684189""","""uy.cloudb1rd.ru""","""domain""","""payload_delivery""","""js.clearfake""","""None""","""ClearFake""","""2025-12-20 18:42:21""","""100""","""None""","""ClearFake""","""0""","""threatcat_ch"""
"2025-12-20 18:28:15","""1684188""","""rain.cloudb1rd.ru""","""domain""","""payload_delivery""","""js.clearfake""","""None""","""ClearFake""","""2025-12-20 18:33:25""","""100""","""None""","""ClearFake""","""0""","""threatcat_ch"""
"2025-12-20 18:10:54","""1684187""","""135y.clearb1te.ru""","""domain""","""payload_delivery""","""js.clearfake""","""None""","""ClearFake""","""2025-12-20 18:12:33""","""100""","""None""","""ClearFake""","""0""","""threatcat_ch"""
"2025-12-20 18:02:52","""1684128""","""rc.clearb1te.ru""","""domain""","""payload_delivery""","""js.clearfake""","""None""","""ClearFake""","""2025-12-20 18:08:53""","""100""","""None""","""ClearFake""","""0""","""threatcat_ch"""
"2025-12-20 17:57:31","""1684126""","""ampz4.clearb1te.ru""","""domain""","""payload_delivery""","""js.clearfake""","""None""","""ClearFake""","""2025-12-20 17:59:41""","""100""","""None""","""ClearFake""","""0""","""threatcat_ch"""
"2025-12-20 17:47:23","""1684125""","""soft.clearb1te.ru""","""domain""","""payload_delivery""","""js.clearfake""","""None""","""ClearFake""","""2025-12-20 17:49:26""","""100""","""None""","""ClearFake""","""0""","""threatcat_ch"""
"2025-12-20 17:37:20","""1684124""","""u6uek.mistf1eld.ru""","""domain""","""payload_delivery""","""js.clearfake""","""None""","""ClearFake""","""2025-12-20 17:38:54""","""100""","""None""","""ClearFake""","""0""","""threatcat_ch"""
"2025-12-20 17:28:16","""1684123""","""bird.mistf1eld.ru""","""domain""","""payload_delivery""","""js.clearfake""","""None""","""ClearFake""","""2025-12-20 17:34:36""","""100""","""None""","""ClearFake""","""0""","""threatcat_ch"""
"2025-12-20 17:17:15","""1684122""","""nexus.mistf1eld.ru""","""domain""","""payload_delivery""","""js.clearfake""","""None""","""ClearFake""","""2025-12-20 17:23:40""","""100""","""None""","""ClearFake""","""0""","""threatcat_ch"""
"2025-12-20 17:07:09","""1684121""","""wind.mistf1eld.ru""","""domain""","""payload_delivery""","""js.clearfake""","""None""","""ClearFake""","""2025-12-20 17:10:23""","""100""","""None""","""ClearFake""","""0""","""threatcat_ch"""
"2025-12-20 16:57:58","""1684120""","""bite.softp1ne.ru""","""domain""","""payload_delivery""","""js.clearfake""","""None""","""ClearFake""","""2025-12-20 16:58:54""","""100""","""None""","""ClearFake""","""0""","""threatcat_ch"""
"2025-12-20 16:47:52","""1684056""","""plnb3.softp1ne.ru""","""domain""","""payload_delivery""","""js.clearfake""","""None""","""ClearFake""","""2025-12-20 16:49:55""","""100""","""None""","""ClearFake""","""0""","""threatcat_ch"""
"2025-12-20 16:37:51","""1683978""","""trace.softp1ne.ru""","""domain""","""payload_delivery""","""js.clearfake""","""None""","""ClearFake""","""2025-12-20 16:42:57""","""100""","""None""","""ClearFake""","""0""","""threatcat_ch"""
"2025-12-20 16:28:05","""1683858""","""ic.softp1ne.ru""","""domain""","""payload_delivery""","""js.clearfake""","""None""","""ClearFake""","""2025-12-20 16:29:23""","""100""","""None""","""ClearFake""","""0""","""threatcat_ch"""
"2025-12-20 16:12:24","""1683857""","""blue.sunsh1ne.ru""","""domain""","""payload_delivery""","""js.clearfake""","""None""","""ClearFake""","""2025-12-20 16:14:29""","""100""","""None""","""ClearFake""","""0""","""threatcat_ch"""
"2025-12-20 16:08:32","""1683856""","""0up.sunsh1ne.ru""","""domain""","""payload_delivery""","""js.clearfake""","""None""","""ClearFake""","""2025-12-20 16:10:24""","""100""","""None""","""ClearFake""","""0""","""threatcat_ch"""
"2025-12-20 15:57:58","""1683844""","""range.sunsh1ne.ru""","""domain""","""payload_delivery""","""js.clearfake""","""None""","""ClearFake""","""2025-12-20 15:59:58""","""100""","""None""","""ClearFake""","""0""","""threatcat_ch"""
"2025-12-20 15:47:56","""1683843""","""frost.sunsh1ne.ru""","""domain""","""payload_delivery""","""js.clearfake""","""None""","""ClearFake""","""2025-12-20 15:49:41""","""100""","""None""","""ClearFake""","""0""","""threatcat_ch"""
"2025-12-20 15:37:54","""1683842""","""mist.stonel1nk.ru""","""domain""","""payload_delivery""","""js.clearfake""","""None""","""ClearFake""","""2025-12-20 15:39:14""","""100""","""None""","""ClearFake""","""0""","""threatcat_ch"""
"2025-12-20 15:27:49","""1683841""","""pixel.stonel1nk.ru""","""domain""","""payload_delivery""","""js.clearfake""","""None""","""ClearFake""","""2025-12-20 15:28:55""","""100""","""None""","""ClearFake""","""0""","""threatcat_ch"""
"2025-12-20 15:17:58","""1683840""","""omega.stonel1nk.ru""","""domain""","""payload_delivery""","""js.clearfake""","""None""","""ClearFake""","""2025-12-20 15:19:44""","""100""","""None""","""ClearFake""","""0""","""threatcat_ch"""
"2025-12-20 15:07:38","""1683839""","""gma.stonel1nk.ru""","""domain""","""payload_delivery""","""js.clearfake""","""None""","""ClearFake""","""2025-12-20 15:15:33""","""100""","""None""","""ClearFake""","""0""","""threatcat_ch"""
"2025-12-20 14:57:35","""1683838""","""clear.datam1st.ru""","""domain""","""payload_delivery""","""js.clearfake""","""None""","""ClearFake""","""2025-12-20 14:58:36""","""100""","""None""","""ClearFake""","""0""","""threatcat_ch"""
"2025-12-20 14:47:31","""1683836""","""o1h5i.datam1st.ru""","""domain""","""payload_delivery""","""js.clearfake""","""None""","""ClearFake""","""2025-12-20 14:54:14""","""100""","""None""","""ClearFake""","""0""","""threatcat_ch"""
"2025-12-20 14:37:21","""1683834""","""8x.datam1st.ru""","""domain""","""payload_delivery""","""js.clearfake""","""None""","""ClearFake""","""2025-12-20 14:43:24""","""100""","""None""","""ClearFake""","""0""","""threatcat_ch"""
"2025-12-20 14:33:04","""1683827""","""elisauy.ru.com""","""domain""","""botnet_cc""","""win.quasar_rat""","""CinaRAT","QuasarRAT","Yggdrasil""","""Quasar RAT""","""""","""100""","""https://www.virustotal.com/gui/file/bd9b8786f6b0e1b3620830522d6082279f58ce30f0870868fbd78d987497f87b/detection""","""botnet"
"2025-12-20 14:28:23","""1683833""","""crest.datam1st.ru""","""domain""","""payload_delivery""","""js.clearfake""","""None""","""ClearFake""","""2025-12-20 14:31:48""","""100""","""None""","""ClearFake""","""0""","""threatcat_ch"""
"2025-12-20 14:17:14","""1683832""","""gate.wavec0met.ru""","""domain""","""payload_delivery""","""js.clearfake""","""None""","""ClearFake""","""2025-12-20 14:22:38""","""100""","""None""","""ClearFake""","""0""","""threatcat_ch"""
"2025-12-20 14:08:07","""1683831""","""wlvpw.wavec0met.ru""","""domain""","""payload_delivery""","""js.clearfake""","""None""","""ClearFake""","""2025-12-20 14:11:24""","""100""","""None""","""ClearFake""","""0""","""threatcat_ch"""
"2025-12-20 13:57:06","""1683830""","""spark.wavec0met.ru""","""domain""","""payload_delivery""","""js.clearfake""","""None""","""ClearFake""","""2025-12-20 13:59:09""","""100""","""None""","""ClearFake""","""0""","""threatcat_ch"""
"2025-12-20 13:47:30","""1683829""","""8c.wavec0met.ru""","""domain""","""payload_delivery""","""js.clearfake""","""None""","""ClearFake""","""2025-12-20 13:54:18""","""100""","""None""","""ClearFake""","""0""","""threatcat_ch"""
"2025-12-20 13:37:21","""1683828""","""adcn.stormw1ng.ru""","""domain""","""payload_delivery""","""js.clearfake""","""None""","""ClearFake""","""2025-12-20 13:42:21""","""100""","""None""","""ClearFake""","""0""","""threatcat_ch"""
"2025-12-20 13:27:18","""1683826""","""fl21d.stormw1ng.ru""","""domain""","""payload_delivery""","""js.clearfake""","""None""","""ClearFake""","""2025-12-20 13:33:46""","""100""","""None""","""ClearFake""","""0""","""threatcat_ch"""
"2025-12-20 13:16:30","""1683825""","""68s.stormw1ng.ru""","""domain""","""payload_delivery""","""js.clearfake""","""None""","""ClearFake""","""2025-12-20 13:24:03""","""100""","""None""","""ClearFake""","""0""","""threatcat_ch"""
"2025-12-20 13:08:07","""1683824""","""bxo57.stormw1ng.ru""","""domain""","""payload_delivery""","""js.clearfake""","""None""","""ClearFake""","""2025-12-20 13:09:57""","""100""","""None""","""ClearFake""","""0""","""threatcat_ch"""
"2025-12-20 12:59:09","""1683779""","""recargamos.co.com""","""domain""","""botnet_cc""","""win.asyncrat""","""None""","""AsyncRAT""","""""","""50""","""https://www.virustotal.com/gui/file/9b530d93842bdf10ae796adf6b3157e10677b37b302349922436b7c6469c7b7c/detection""","""AsyncRAT","exe","malware"""
"2025-12-20 12:58:17","""1683823""","""pine.nightf0rm.ru""","""domain""","""payload_delivery""","""js.clearfake""","""None""","""ClearFake""","""2025-12-20 13:04:43""","""100""","""None""","""ClearFake""","""0""","""threatcat_ch"""
"2025-12-20 12:47:57","""1683822""","""nova.nightf0rm.ru""","""domain""","""payload_delivery""","""js.clearfake""","""None""","""ClearFake""","""2025-12-20 12:51:01""","""100""","""None""","""ClearFake""","""0""","""threatcat_ch"""
"2025-12-20 12:37:51","""1683821""","""cloud.nightf0rm.ru""","""domain""","""payload_delivery""","""js.clearfake""","""None""","""ClearFake""","""2025-12-20 12:39:54""","""100""","""None""","""ClearFake""","""0""","""threatcat_ch"""
"2025-12-20 12:27:43","""1683820""","""kpu.nightf0rm.ru""","""domain""","""payload_delivery""","""js.clearfake""","""None""","""ClearFake""","""2025-12-20 12:30:04""","""100""","""None""","""ClearFake""","""0""","""threatcat_ch"""
"2025-12-20 12:17:41","""1683819""","""core.rain5tone.ru""","""domain""","""payload_delivery""","""js.clearfake""","""None""","""ClearFake""","""2025-12-20 12:19:55""","""100""","""None""","""ClearFake""","""0""","""threatcat_ch"""
"2025-12-20 12:07:41","""1683818""","""q9b.rain5tone.ru""","""domain""","""payload_delivery""","""js.clearfake""","""None""","""ClearFake""","""2025-12-20 12:14:16""","""100""","""None""","""ClearFake""","""0""","""threatcat_ch"""
"2025-12-20 12:01:06","""1683815""","""RealTopka-50211.portmap.host""","""domain""","""botnet_cc""","""win.xworm""","""None""","""XWorm""","""""","""100""","""https://tria.ge/251220-j5eypabq6s""","""C2","domain","triage"
"2025-12-20 11:57:32","""1683813""","""light.rain5tone.ru""","""domain""","""payload_delivery""","""js.clearfake""","""None""","""ClearFake""","""2025-12-20 12:03:37""","""100""","""None""","""ClearFake""","""0""","""threatcat_ch"""
"2025-12-20 11:40:17","""1683812""","""gamma.rain5tone.ru""","""domain""","""payload_delivery""","""js.clearfake""","""None""","""ClearFake""","""2025-12-20 11:51:53""","""100""","""None""","""ClearFake""","""0""","""threatcat_ch"""
"2025-12-20 11:27:47","""1683811""","""shine.darkc0de.ru""","""domain""","""payload_delivery""","""js.clearfake""","""None""","""ClearFake""","""2025-12-20 11:38:15""","""100""","""None""","""ClearFake""","""0""","""threatcat_ch"""
"2025-12-20 11:16:56","""1683810""","""night.darkc0de.ru""","""domain""","""payload_delivery""","""js.clearfake""","""None""","""ClearFake""","""2025-12-20 11:19:06""","""100""","""None""","""ClearFake""","""0""","""threatcat_ch"""
"2025-12-20 11:07:35","""1683809""","""ydmnx.darkc0de.ru""","""domain""","""payload_delivery""","""js.clearfake""","""None""","""ClearFake""","""2025-12-20 11:13:42""","""100""","""None""","""ClearFake""","""0""","""threatcat_ch"""
"2025-12-20 10:57:29","""1683789""","""link.darkc0de.ru""","""domain""","""payload_delivery""","""js.clearfake""","""None""","""ClearFake""","""2025-12-20 10:58:58""","""100""","""None""","""ClearFake""","""0""","""threatcat_ch"""
"2025-12-20 10:49:17","""1683787""","""api.vxucqb.dpdns.org""","""domain""","""botnet_cc""","""win.cobalt_strike""","""Agentemis","BEACON","CobaltStrike","cobeacon""","""Cobalt Strike""","""2025-12-22 03:47:42""","""75""","""None"""
"2025-12-20 10:47:29","""1683786""","""storm.windc0re.ru""","""domain""","""payload_delivery""","""js.clearfake""","""None""","""ClearFake""","""2025-12-20 10:53:51""","""100""","""None""","""ClearFake""","""0""","""threatcat_ch"""
"2025-12-20 10:37:44","""1683785""","""shadow.windc0re.ru""","""domain""","""payload_delivery""","""js.clearfake""","""None""","""ClearFake""","""2025-12-20 10:44:18""","""100""","""None""","""ClearFake""","""0""","""threatcat_ch"""
"2025-12-20 10:28:18","""1683784""","""91de.windc0re.ru""","""domain""","""payload_delivery""","""js.clearfake""","""None""","""ClearFake""","""2025-12-20 10:30:50""","""100""","""None""","""ClearFake""","""0""","""threatcat_ch"""
"2025-12-20 10:10:58","""1683783""","""ctya.windc0re.ru""","""domain""","""payload_delivery""","""js.clearfake""","""None""","""ClearFake""","""2025-12-20 10:15:43""","""100""","""None""","""ClearFake""","""0""","""threatcat_ch"""
"2025-12-20 10:07:09","""1683782""","""kerjub.nightcl0ud.ru""","""domain""","""payload_delivery""","""js.clearfake""","""None""","""ClearFake""","""2025-12-20 10:09:52""","""100""","""None""","""ClearFake""","""0""","""threatcat_ch"""
"2025-12-20 09:58:19","""1683781""","""futs0n.nightcl0ud.ru""","""domain""","""payload_delivery""","""js.clearfake""","""None""","""ClearFake""","""2025-12-20 10:00:28""","""100""","""None""","""ClearFake""","""0""","""threatcat_ch"""
"2025-12-20 09:47:02","""1683780""","""daqrel.nightcl0ud.ru""","""domain""","""payload_delivery""","""js.clearfake""","""None""","""ClearFake""","""2025-12-20 09:50:16""","""100""","""None""","""ClearFake""","""0""","""threatcat_ch"""
"2025-12-20 09:31:34","""1683778""","""zilpun.nightcl0ud.ru""","""domain""","""payload_delivery""","""js.clearfake""","""None""","""ClearFake""","""2025-12-20 09:34:20""","""100""","""None""","""ClearFake""","""0""","""threatcat_ch"""
"2025-12-20 09:28:15","""1683777""","""morvex.nightcl0ud.ru""","""domain""","""payload_delivery""","""js.clearfake""","""None""","""ClearFake""","""2025-12-20 09:30:03""","""100""","""None""","""ClearFake""","""0""","""threatcat_ch"""
"2025-12-20 09:17:40","""1683776""","""jaknuf.rockf1eld.ru""","""domain""","""payload_delivery""","""js.clearfake""","""None""","""ClearFake""","""2025-12-20 09:23:55""","""100""","""None""","""ClearFake""","""0""","""threatcat_ch"""
"2025-12-20 09:06:39","""1683775""","""him3al.rockf1eld.ru""","""domain""","""payload_delivery""","""js.clearfake""","""None""","""ClearFake""","""2025-12-20 09:09:19""","""100""","""None""","""ClearFake""","""0""","""threatcat_ch"""
"2025-12-20 08:58:40","""1683774""","""zorpev.rockf1eld.ru""","""domain""","""payload_delivery""","""js.clearfake""","""None""","""ClearFake""","""2025-12-20 09:00:50""","""100""","""None""","""ClearFake""","""0""","""threatcat_ch"""
"2025-12-20 08:47:55","""1683773""","""dilqat.rockf1eld.ru""","""domain""","""payload_delivery""","""js.clearfake""","""None""","""ClearFake""","""2025-12-20 08:55:25""","""100""","""None""","""ClearFake""","""0""","""threatcat_ch"""
"2025-12-20 08:36:57","""1683768""","""vexrum.rockf1eld.ru""","""domain""","""payload_delivery""","""js.clearfake""","""None""","""ClearFake""","""2025-12-20 08:48:06""","""100""","""None""","""ClearFake""","""0""","""threatcat_ch"""
"2025-12-20 08:27:49","""1683767""","""tavmec.darkn0va.ru""","""domain""","""payload_delivery""","""js.clearfake""","""None""","""ClearFake""","""2025-12-20 08:32:30""","""100""","""None""","""ClearFake""","""0""","""threatcat_ch"""
"2025-12-20 08:17:42","""1683766""","""gurs0l.darkn0va.ru""","""domain""","""payload_delivery""","""js.clearfake""","""None""","""ClearFake""","""2025-12-20 08:23:45""","""100""","""None""","""ClearFake""","""0""","""threatcat_ch"""
"2025-12-20 08:07:58","""1683765""","""hofdan.darkn0va.ru""","""domain""","""payload_delivery""","""js.clearfake""","""None""","""ClearFake""","""2025-12-20 08:13:40""","""100""","""None""","""ClearFake""","""0""","""threatcat_ch"""
"2025-12-20 07:58:33","""1683755""","""pelqix.darkn0va.ru""","""domain""","""payload_delivery""","""js.clearfake""","""None""","""ClearFake""","""2025-12-20 08:01:16""","""100""","""None""","""ClearFake""","""0""","""threatcat_ch"""
"2025-12-20 07:47:27","""1683754""","""zinrum.darkn0va.ru""","""domain""","""payload_delivery""","""js.clearfake""","""None""","""ClearFake""","""2025-12-20 07:49:18""","""100""","""None""","""ClearFake""","""0""","""threatcat_ch"""
"2025-12-20 07:38:29","""1683753""","""kobwex.wavec0re.ru""","""domain""","""payload_delivery""","""js.clearfake""","""None""","""ClearFake""","""2025-12-20 07:39:12""","""100""","""None""","""ClearFake""","""0""","""threatcat_ch"""
"2025-12-20 07:29:37","""1683752""","""rijd0n.wavec0re.ru""","""domain""","""payload_delivery""","""js.clearfake""","""None""","""ClearFake""","""2025-12-20 07:30:49""","""100""","""None""","""ClearFake""","""0""","""threatcat_ch"""
"2025-12-20 07:23:23","""1683751""","""talfem.wavec0re.ru""","""domain""","""payload_delivery""","""js.clearfake""","""None""","""ClearFake""","""2025-12-20 07:26:14""","""100""","""None""","""ClearFake""","""0""","""threatcat_ch"""
"2025-12-20 07:19:07","""1683533""","""cm88.gb.net""","""domain""","""botnet_cc""","""win.asyncrat""","""None""","""AsyncRAT""","""""","""75""","""https://www.filescan.io/uploads/6945a3bf84afa5547b5abd6d/reports/f739ddf6-abc4-4a6b-aef4-455fde3f8423/overview""","""AsyncRAT","Botnet","C2"
"2025-12-20 07:19:06","""1683556""","""mx1.sa.com""","""domain""","""botnet_cc""","""win.asyncrat""","""None""","""AsyncRAT""","""""","""100""","""https://www.filescan.io/uploads/6945ac97a7163552ba0305ea/reports/760c9d9c-9413-4679-8222-95aecf1ef59f/overview""","""AsyncRAT","Botnet","c2"
"2025-12-20 07:18:40","""1683629""","""egestx.ru.com""","""domain""","""botnet_cc""","""win.asyncrat""","""None""","""AsyncRAT""","""""","""100""","""https://www.filescan.io/uploads/6945c6ef84afa5547b5ad01c/reports/5d204258-c2d2-4e42-ba88-336ddebe3556/overview""","""AsyncRAT","Botnet","C2"
"2025-12-20 07:18:38","""1683643""","""aref.co.com""","""domain""","""botnet_cc""","""win.quasar_rat""","""CinaRAT","QuasarRAT","Yggdrasil""","""Quasar RAT""","""""","""100""","""https://www.filescan.io/uploads/6945d648a7163552ba03128e/reports/942a595b-cd42-4fed-acb0-d7eb5bbff8a8/overview""","""Botnet"
"2025-12-20 07:18:36","""1683703""","""dean.it.com""","""domain""","""botnet_cc""","""win.asyncrat""","""None""","""AsyncRAT""","""""","""50""","""https://www.virustotal.com/gui/file/263465dd7478aee948e4fd203eed588c6ff521311eeecdd7afe84e63b327adeb?nocache=1""","""AsyncRAT","exe","malware"""
"2025-12-20 07:18:35","""1683721""","""rieege.mx""","""domain""","""botnet_cc""","""win.asyncrat""","""None""","""AsyncRAT""","""""","""100""","""https://yaraify.abuse.ch/scan/results/bac6a8dc-dd58-11f0-9df4-42010aa4000b""","""AsyncRAT","Botnet","C2"
"2025-12-20 07:18:35","""1683742""","""casinogame.it.com""","""domain""","""botnet_cc""","""win.asyncrat""","""None""","""AsyncRAT""","""""","""50""","""https://www.virustotal.com/gui/file/d31b567c5382a5e68eaf2becddf8c125f962c57f7142efe984fe1fe0ae05f13f/detection""","""AsyncRAT","exe","malware"""
"2025-12-20 07:18:20","""1683592""","""giftingbuddy.in.net""","""domain""","""botnet_cc""","""win.quasar_rat""","""CinaRAT","QuasarRAT","Yggdrasil""","""Quasar RAT""","""""","""100""","""https://www.filescan.io/uploads/6945b4b3e8abb702f8054a3e/reports/ba32209d-4716-453a-a689-c15b0cc07ebb/overview""","""Botnet"
"2025-12-20 07:17:14","""1683750""","""sevqor.wavec0re.ru""","""domain""","""payload_delivery""","""js.clearfake""","""None""","""ClearFake""","""2025-12-20 07:19:15""","""100""","""None""","""ClearFake""","""0""","""threatcat_ch"""
"2025-12-20 07:06:55","""1683749""","""muxlin.wavec0re.ru""","""domain""","""payload_delivery""","""js.clearfake""","""None""","""ClearFake""","""2025-12-20 07:07:09""","""100""","""None""","""ClearFake""","""0""","""threatcat_ch"""
"2025-12-20 06:57:59","""1683748""","""jaxvel.stonem1st.ru""","""domain""","""payload_delivery""","""js.clearfake""","""None""","""ClearFake""","""2025-12-20 06:59:58""","""100""","""None""","""ClearFake""","""0""","""threatcat_ch"""
"2025-12-20 06:47:58","""1683747""","""herp0n.stonem1st.ru""","""domain""","""payload_delivery""","""js.clearfake""","""None""","""ClearFake""","""2025-12-20 06:51:46""","""100""","""None""","""ClearFake""","""0""","""threatcat_ch"""
"2025-12-20 06:38:50","""1683746""","""tulsac.stonem1st.ru""","""domain""","""payload_delivery""","""js.clearfake""","""None""","""ClearFake""","""2025-12-20 06:41:07""","""100""","""None""","""ClearFake""","""0""","""threatcat_ch"""
"2025-12-20 06:28:07","""1683745""","""vimqon.stonem1st.ru""","""domain""","""payload_delivery""","""js.clearfake""","""None""","""ClearFake""","""2025-12-20 06:29:29""","""100""","""None""","""ClearFake""","""0""","""threatcat_ch"""
"2025-12-20 06:18:09","""1683744""","""dafryl.stonem1st.ru""","""domain""","""payload_delivery""","""js.clearfake""","""None""","""ClearFake""","""2025-12-20 06:18:56""","""100""","""None""","""ClearFake""","""0""","""threatcat_ch"""
"2025-12-20 06:07:05","""1683743""","""movtik.windc0met.ru""","""domain""","""payload_delivery""","""js.clearfake""","""None""","""ClearFake""","""2025-12-20 06:12:46""","""100""","""None""","""ClearFake""","""0""","""threatcat_ch"""
"2025-12-20 06:01:47","""1683741""","""asfdavsdgkas-37221.portmap.host""","""domain""","""botnet_cc""","""win.xworm""","""None""","""XWorm""","""""","""100""","""https://tria.ge/251220-bsllpshn7v""","""C2","domain","triage"
"2025-12-20 05:57:58","""1683740""","""garp1s.windc0met.ru""","""domain""","""payload_delivery""","""js.clearfake""","""None""","""ClearFake""","""2025-12-20 05:58:46""","""100""","""None""","""ClearFake""","""0""","""threatcat_ch"""
"2025-12-20 05:48:57","""1683739""","""xubmel.windc0met.ru""","""domain""","""payload_delivery""","""js.clearfake""","""None""","""ClearFake""","""2025-12-20 05:51:28""","""100""","""None""","""ClearFake""","""0""","""threatcat_ch"""
"2025-12-20 05:37:48","""1683738""","""feqvan.windc0met.ru""","""domain""","""payload_delivery""","""js.clearfake""","""None""","""ClearFake""","""2025-12-20 05:40:17""","""100""","""None""","""ClearFake""","""0""","""threatcat_ch"""
"2025-12-20 05:27:51","""1683737""","""tilzor.windc0met.ru""","""domain""","""payload_delivery""","""js.clearfake""","""None""","""ClearFake""","""2025-12-20 05:34:41""","""100""","""None""","""ClearFake""","""0""","""threatcat_ch"""
"2025-12-20 05:17:42","""1683730""","""jadwok.mistysky.ru""","""domain""","""payload_delivery""","""js.clearfake""","""None""","""ClearFake""","""2025-12-20 05:22:42""","""100""","""None""","""ClearFake""","""0""","""threatcat_ch"""
"2025-12-20 05:07:34","""1683729""","""norf1m.mistysky.ru""","""domain""","""payload_delivery""","""js.clearfake""","""None""","""ClearFake""","""2025-12-20 05:16:50""","""100""","""None""","""ClearFake""","""0""","""threatcat_ch"""
"2025-12-20 04:57:29","""1683728""","""pudlex.mistysky.ru""","""domain""","""payload_delivery""","""js.clearfake""","""None""","""ClearFake""","""2025-12-20 04:58:28""","""100""","""None""","""ClearFake""","""0""","""threatcat_ch"""
"2025-12-20 04:47:27","""1683727""","""silran.mistysky.ru""","""domain""","""payload_delivery""","""js.clearfake""","""None""","""ClearFake""","""2025-12-20 04:51:53""","""100""","""None""","""ClearFake""","""0""","""threatcat_ch"""
"2025-12-20 04:40:14","""1683726""","""vemqot.mistysky.ru""","""domain""","""payload_delivery""","""js.clearfake""","""None""","""ClearFake""","""2025-12-20 04:43:17""","""100""","""None""","""ClearFake""","""0""","""threatcat_ch"""
"2025-12-20 04:37:19","""1683725""","""hubrel.clearl1nk.ru""","""domain""","""payload_delivery""","""js.clearfake""","""None""","""ClearFake""","""2025-12-20 04:40:07""","""100""","""None""","""ClearFake""","""0""","""threatcat_ch"""
"2025-12-20 04:28:14","""1683723""","""karf1x.clearl1nk.ru""","""domain""","""payload_delivery""","""js.clearfake""","""None""","""ClearFake""","""2025-12-20 04:28:50""","""100""","""None""","""ClearFake""","""0""","""threatcat_ch"""
